EXPERIMENT,0%_poisoned,10%_poisoned,20%_poisoned,30%_poisoned,40%_poisoned,50%_poisoned
CL_ModelN1L1_Batchsize1,0.0013119855429977,0.1263938397169113,0.2471245974302292,0.4510132968425751,0.6014986634254456,0.7204323410987854
FL_ModelN1L1_Batchsize1,0.0024812766350805,0.0023451319430023,0.0024006166495382,0.0030686096288263,0.0416298061609268,0.6957185864448547
