EXPERIMENT,0%_poisoned,10%_poisoned,20%_poisoned,30%_poisoned,40%_poisoned,50%_poisoned
CL_ModelN1L1_Batchsize1,0.9994897842407228,0.9897959232330322,0.9790816307067872,0.8994898200035095,0.7071428298950195,0.5153061151504517
FL_ModelN1L1_Batchsize1,0.9994897842407228,0.9989795684814452,0.9984694123268129,0.9989795684814452,0.9984694123268129,0.5479592084884644
